module,type,name,res_id,src,value
product,field,"product.template,product_variant_count",0,# of Product Variants,# 个产品变体
product,code,addons/product/product.py,776,%s (copy),%s (copy)
product,code,addons/product/product.py,1148,%s (copy),%s (copy)
product,view,product.template,product.product_template_only_form_view,": adding or deleting attributes
                            will delete and recreate existing variants and lead
                            to the loss of their possible customizations.",": adding or deleting attributes
                            will delete and recreate existing variants and lead
                            to the loss of their possible customizations."
product,model,"ir.actions.act_window,help",product.product_ul_form_action,"<p class=""oe_view_nocontent_create"">
                Click to add a new Logistic Unit
              </p><p>
                The logistic unit defines the container used for the package.  
                It has a type (e.g. pallet, box, ...) and you can specify its 
                size. 
              </p>
            ","<p class=""oe_view_nocontent_create"">
                Click to add a new Logistic Unit
              </p><p>
                The logistic unit defines the container used for the package.  
                It has a type (e.g. pallet, box, ...) and you can specify its 
                size. 
              </p>
            "
product,model,"ir.actions.act_window,help",product.product_uom_categ_form_action,"<p class=""oe_view_nocontent_create"">
                Click to add a new unit of measure category.
              </p><p>
                Units of measure belonging to the same category can be
                converted between each others. For example, in the category
                <i>'Time'</i>, you will have the following units of measure:
                Hours, Days.
              </p>
            ","<p class=""oe_view_nocontent_create"">
                单击增加一个新的计量单位类别。
              </p><p>
                属于相同类别的计量单位能互相转换。例如，，在“时间”类别中，你有下列单位: 小时数、天数。

              </p>
            "
product,model,"ir.actions.act_window,help",product.product_uom_form_action,"<p class=""oe_view_nocontent_create"">
                Click to add a new unit of measure.
              </p><p>
                You must define a conversion rate between several Units of
                Measure within the same category.
              </p>
            ","单击以创建一个新的计量单位
            "
product,model,"ir.actions.act_window,help",product.product_pricelist_action,"<p class=""oe_view_nocontent_create"">
                Click to add a pricelist version.
              </p><p>
                There can be more than one version of a pricelist, each of
                these must be valid during a certain period of time. Some
                examples of versions: Main Prices, 2010, 2011, Summer Sales,
                etc.
              </p>
            ","<p class=""oe_view_nocontent_create"">
                单击 增加一个价格表版本.
              </p><p>
                这里能有多于一个价格表版本，每个必须在指定的区间里生效。
                一些版本的示例： 主价格，2010，2011，夏季销售 等等.
              </p>
            "
product,model,"ir.actions.act_window,help",product.product_pricelist_action_for_purchase,"<p class=""oe_view_nocontent_create"">
                Click to create a pricelist.
              </p><p>
                A price list contains rules to be evaluated in order to compute
                the purchase price. The default price list has only one rule; use
                the cost price defined on the product form, so that you do not have to
                worry about supplier pricelists if you have very simple needs.
              </p><p>
                But you can also import complex price lists form your supplier
                that may depends on the quantities ordered or the current
                promotions.
              </p>
            ","<p class=""oe_view_nocontent_create"">
                创建一个价格表。
              </p><p>
                价格表包括了计算订单采购价格的规则。
                默认的价格表有一个规则：使用产品表单里定义的成 
                本价。如果你有非常简单的需求，这样你就不必担心
                供应商的价目表，。
              </p><p>
                但是你也能从供应商那里导入复杂的价格表，可能依
                赖于订购的数量，或者当前的促销活动。
              </p>
            "
product,model,"ir.actions.act_window,help",product.product_pricelist_action2,"<p class=""oe_view_nocontent_create"">
                Click to create a pricelist.
              </p><p>
                A price list contains rules to be evaluated in order to compute
                the sales price of the products.
              </p><p>
                Price lists may have several versions (2010, 2011, Promotion of
                February 2010, etc.) and each version may have several rules.
                (e.g. the customer price of a product category will be based on
                the supplier price multiplied by 1.80).
              </p>
            ","<p class=""oe_view_nocontent_create"">
                点击创建一个价格列表。
              </p><p>
                价格列表包括待评审的规则来计算产品价格。
              </p><p>
                价格列表可能有不同版本（2010, 2011, 2010年2月促销等等） ，每个版本可能有几个不同的规则。
                （例如：给顾客的产品价格按照供应商价格的1.8倍提交。
              </p>
            "
product,model,"ir.actions.act_window,help",product.product_normal_action,"<p class=""oe_view_nocontent_create"">
                Click to define a new product.
              </p><p>
                You must define a product for everything you buy or sell,
                whether it's a physical product, a consumable or service.
              </p>
            ","<p class=""oe_view_nocontent_create""> 
               单击定义一个新产品
              </p><p>
                你必须为买卖的的每一样都定义一个产品。可以是物理产品、消耗品、或者服务。
              </p>
            "
product,model,"ir.actions.act_window,help",product.product_variant_action,"<p class=""oe_view_nocontent_create"">
                Click to define a new product.
              </p><p>
                You must define a product for everything you buy or sell,
                whether it's a physical product, a consumable or service.
              </p>
            ","<p class=""oe_view_nocontent_create""> 
               单击定义一个新产品
              </p><p>
                你必须为买卖的的每一样都定义一个产品。可以是物理产品、消耗品、或者服务。
              </p>
            "
product,model,"ir.actions.act_window,help",product.product_normal_action_sell,"<p class=""oe_view_nocontent_create"">
                Click to define a new product.
              </p><p>
                You must define a product for everything you sell, whether it's
                a physical product, a consumable or a service you offer to
                customers.
              </p><p>
                The product form contains information to simplify the sale
                process: price, notes in the quotation, accounting data,
                procurement methods, etc.
              </p>
            ","<p class=""oe_view_nocontent_create"">
                单击定义一个新产品
              </p><p>
                你必须为销售的每一样都定义一个产品。可以是物理产品、消耗品、或者你提供给客户的服务。
              </p><p>
                产品表单包括下面的信息以简化销售处理：价格、报价事项，会计数据，供应方法等等。
               </p>
            "
product,model,"ir.actions.act_window,help",product.product_category_action,"<p>
                Here is a list of all your products classified by category. You
                can click a category to get the list of all products linked to
                this category or to a child of this category.
              </p>
            ","<p>
                这是你所有产品根据类别进行的分类列表。你能单击分类 获得关联到这个类别极其子类的所有产品列表。
              </p>
            "
product,help,"product.category,type",0,A category of the view type is a virtual category that can be used as the parent of another category to create a hierarchical structure.,视图类型的分类是一个可视分类，用来做其它分类的上级，以此建立一个分层结构。
product,help,"product.template,description_sale",0,"A description of the Product that you want to communicate to your customers. This description will be copied to every Sale Order, Delivery Order and Customer Invoice/Refund","A description of the Product that you want to communicate to your customers. This description will be copied to every Sale Order, Delivery Order and Customer Invoice/Refund"
product,help,"product.template,description_purchase",0,"A description of the Product that you want to communicate to your suppliers. This description will be copied to every Purchase Order, Receipt and Supplier Invoice/Refund.","A description of the Product that you want to communicate to your suppliers. This description will be copied to every Purchase Order, Receipt and Supplier Invoice/Refund."
product,help,"product.template,description",0,"A precise description of the Product, used only for internal information purposes.",精确的产品描述，仅用于内部备注。
product,field,"product.price.type,active",0,Active,有效
product,field,"product.pricelist,active",0,Active,有效
product,field,"product.pricelist.version,active",0,Active,有效
product,field,"product.product,active",0,Active,有效
product,field,"product.template,active",0,Active,有效
product,field,"product.uom,active",0,Active,有效
product,model,"product.category,name",product.product_category_all,All,全部
product,help,"product.supplierinfo,sequence",0,Assigns the priority to the list of product supplier.,赋予供应商在其列表中的优先级
product,help,"product.price.type,field",0,Associated field in the product form.,产品的相关字段
product,code,addons/product/pricelist.py,215,"At least one pricelist has no active version !
Please create or activate one.","至少有一个价格表没有活动的版本！
请创建或激活一个。"
product,field,"product.attribute.line,attribute_id",0,Attribute,属性
product,field,"product.attribute.value,attribute_id",0,Attribute,属性
product,field,"product.attribute.value,price_extra",0,Attribute Price Extra,属性额外价格
product,field,"product.attribute.value,price_ids",0,Attribute Prices,属性价格
product,model,"ir.actions.act_window,name",product.variants_action,Attribute Values,属性值
product,model,"ir.ui.menu,name",product.menu_variants_action,Attribute Values,属性值
product,model,"ir.actions.act_window,name",product.attribute_action,Attributes,属性
product,model,"ir.ui.menu,name",product.menu_attribute_action,Attributes,属性
product,field,"product.product,attribute_value_ids",0,Attributes,属性
product,view,product.pricelist.item,product.product_pricelist_item_form_view,Base Price,基本价格
product,help,"product.pricelist.item,base",0,Base price for computation.,计算的基准价格
product,help,"product.template,list_price",0,Base price to compute the customer price. Sometimes called the catalog price.,计算客户报价的基准价格。也叫目录价格
product,field,"product.pricelist.item,base",0,Based on,基于
product,field,"product.product,image",0,Big-sized image,大尺寸图片
product,field,"product.uom,factor_inv",0,Bigger Ratio,更大比率
product,selection,"product.uom,uom_type",0,Bigger than the reference Unit of Measure,大于参考单位
product,selection,"product.ul,type",0,Box,Box
product,help,"product.uom,active",0,By unchecking the active field you can disable a unit of measure without deleting it.,如果您取消选定“可用”字段的话可以隐藏此计量单位而不删除它。
product,view,product.price_list,product.view_product_price_list,Calculate Product Price per Unit Based on Pricelist Version.,基于价格表版本计算产品单位价格
product,field,"product.template,rental",0,Can be Rent,可出租
product,view,product.template,product.product_template_search_view,Can be Sold,可销售
product,field,"product.template,sale_ok",0,Can be Sold,可销售
product,view,product.price_list,product.view_product_price_list,Cancel,取消
product,code,addons/product/product.py,215,Cannot change the category of existing Unit of Measure '%s'.,不能改变已有的计量单位'%s'的类别
product,view,product.template,product.product_template_search_view,Category,分类
product,field,"product.category,type",0,Category Type,类别类型
product,field,"product.category,child_id",0,Child Categories,子分类
product,field,"product.packaging,code",0,Code,编码
product,help,"product.template,uos_coeff",0,"Coefficient to convert default Unit of Measure to Unit of Sale
 uos = uom * coeff","从默认计量单位转换（UoM）到销售单位（UoS）的系数。
UoS = UoM * 系数"
product,field,"product.template,color",0,Color Index,颜色索引
product,field,"product.pricelist,company_id",0,Company,公司
product,field,"product.pricelist.item,company_id",0,Company,公司
product,field,"product.pricelist.version,company_id",0,Company,公司
product,field,"product.supplierinfo,company_id",0,Company,公司
product,field,"product.template,company_id",0,Company,公司
product,view,product.template,product.product_template_form_view,Configurations,配置
product,view,product.template,product.product_template_search_view,Consumable,可消耗
product,selection,"product.template,type",0,Consumable,可消耗
product,view,product.template,product.product_template_search_view,Consumable products,消耗性产品
product,help,"product.template,type",0,"Consumable: Will not imply stock management for this product. 
Stockable product: Will imply stock management for this product.","可消耗：不会为该产品进行库存管理
可库存产品：将为该产品进行库存管理"
product,help,"product.uom,category_id",0,Conversion between Units of Measure can only occur if they belong to the same category. The conversion will be made based on the ratios.,计量单位转换只能在同一个类型之间进行。转换基于比例
product,code,addons/product/product.py,182,Conversion from Product UoM %s to Default UoM %s is not possible as they both belong to different Category!.,产品单位 %s 与默认单位 %s 无法转换，二者属于不同的类别！
product,model,"product.price.type,name",product.standard_price,Cost Price,成本价
product,field,"product.template,standard_price",0,Cost Price,成本价
product,help,"product.template,standard_price",0,Cost price of the product template used for standard stock valuation in accounting and used as a base price on purchase orders. Expressed in the default unit of measure of the product.,Cost price of the product template used for standard stock valuation in accounting and used as a base price on purchase orders. Expressed in the default unit of measure of the product.
product,field,"pricelist.partnerinfo,create_uid",0,Created by,创建者
product,field,"product.attribute,create_uid",0,Created by,创建者
product,field,"product.attribute.line,create_uid",0,Created by,创建者
product,field,"product.attribute.price,create_uid",0,Created by,创建者
product,field,"product.attribute.value,create_uid",0,Created by,创建者
product,field,"product.category,create_uid",0,Created by,创建者
product,field,"product.packaging,create_uid",0,Created by,创建者
product,field,"product.price.history,create_uid",0,Created by,创建者
product,field,"product.price.type,create_uid",0,Created by,创建者
product,field,"product.price_list,create_uid",0,Created by,创建者
product,field,"product.pricelist,create_uid",0,Created by,创建者
product,field,"product.pricelist.item,create_uid",0,Created by,创建者
product,field,"product.pricelist.type,create_uid",0,Created by,创建者
product,field,"product.pricelist.version,create_uid",0,Created by,创建者
product,field,"product.product,create_uid",0,Created by,创建者
product,field,"product.supplierinfo,create_uid",0,Created by,创建者
product,field,"product.template,create_uid",0,Created by,创建者
product,field,"product.ul,create_uid",0,Created by,创建者
product,field,"product.uom,create_uid",0,Created by,创建者
product,field,"product.uom.categ,create_uid",0,Created by,创建者
product,field,"pricelist.partnerinfo,create_date",0,Created on,创建于
product,field,"product.attribute,create_date",0,Created on,创建于
product,field,"product.attribute.line,create_date",0,Created on,创建于
product,field,"product.attribute.price,create_date",0,Created on,创建于
product,field,"product.attribute.value,create_date",0,Created on,创建于
product,field,"product.category,create_date",0,Created on,创建于
product,field,"product.packaging,create_date",0,Created on,创建于
product,field,"product.price.history,create_date",0,Created on,创建于
product,field,"product.price.type,create_date",0,Created on,创建于
product,field,"product.price_list,create_date",0,Created on,创建于
product,field,"product.pricelist,create_date",0,Created on,创建于
product,field,"product.pricelist.item,create_date",0,Created on,创建于
product,field,"product.pricelist.type,create_date",0,Created on,创建于
product,field,"product.pricelist.version,create_date",0,Created on,创建于
product,field,"product.product,create_date",0,Created on,创建于
product,field,"product.supplierinfo,create_date",0,Created on,创建于
product,field,"product.template,create_date",0,Created on,创建于
product,field,"product.ul,create_date",0,Created on,创建于
product,field,"product.uom,create_date",0,Created on,创建于
product,field,"product.uom.categ,create_date",0,Created on,创建于
product,model,"ir.model,name",product.model_res_currency,Currency,币别
product,field,"product.price.type,currency_id",0,Currency,币别
product,field,"product.pricelist,currency_id",0,Currency,币别
product,view,website,product.report_pricelist,Currency,币别
product,field,"product.product,partner_ref",0,Customer ref,客户参考
product,help,"product.product,message_last_post",0,Date of the last message posted on the record.,发布到记录上的最后信息的日期
product,help,"product.template,message_last_post",0,Date of the last message posted on the record.,发布到记录上的最后信息的日期
product,model,"product.uom,name",product.product_uom_day,Day(s),天
product,model,"product.pricelist.version,name",product.ver0,Default Public Pricelist Version,默认的公共价格表版本
product,view,product.template,product.product_template_search_view,Default Unit of Measure,默认计量单位
product,help,"product.template,uom_id",0,Default Unit of Measure used for all stock operation.,所有库存操作的默认计量单位
product,help,"product.template,uom_po_id",0,Default Unit of Measure used for purchase orders. It must be in the same category than the default unit of measure.,采购单默认使用的计量单位。必须与默认计量单位位于同一类别。
product,field,"product.supplierinfo,delay",0,Delivery Lead Time,交货提前时间
product,field,"pricelist.partnerinfo,name",0,Description,说明
product,field,"product.packaging,name",0,Description,说明
product,field,"product.template,description",0,Description,说明
product,view,website,product.report_pricelist,Description,说明
product,view,product.template,product.product_template_form_view,Description for Quotations,报价单说明
product,view,product.template,product.product_template_form_view,Description for Suppliers,供应商说明
product,help,"product.attribute.value,sequence",0,Determine the display order,决定显示顺序
product,model,"product.uom,name",product.product_uom_dozen,Dozen(s),Dozen(s)
product,field,"product.packaging,ean",0,EAN,EAN
product,field,"product.product,ean13",0,EAN13 Barcode,EAN13 条码
product,field,"product.template,ean13",0,EAN13 Barcode,EAN13 条码
product,field,"product.ul,weight",0,Empty Package Weight,空包裹重量
product,field,"product.pricelist.version,date_end",0,End Date,结束日期
product,selection,"product.template,state",0,End of Lifecycle,生命周期结束
product,constraint,product.category,0,Error ! You cannot create recursive categories.,错误！您不能创建循环分类。
product,code,addons/product/product.py,182,Error!,Error!
product,constraint,product.pricelist.item,0,Error! The minimum margin should be lower than the maximum margin.,错误！最小利润要小于最大利润
product,constraint,product.pricelist.item,0,Error! You cannot assign the Main Pricelist as Other Pricelist in PriceList Item!,错误！你不能在价格表项目里指派这个主价格表作为其它价格表
product,constraint,res.currency,0,Error! You cannot define a rounding factor for the company's main currency that is smaller than the decimal precision of 'Account'.,错误！公司本位币的舍入系数不能定义得小于”科目“的小数位数
product,constraint,decimal.precision,0,Error! You cannot define the decimal precision of 'Account' as greater than the rounding factor of the company's main currency,错误，你不能定义 科目的小数位数大于 公司本位币的舍入系统。
product,constraint,product.packaging,0,Error: Invalid ean code,错误：无效的EAN编码
product,constraint,product.template,0,Error: The default Unit of Measure and the purchase Unit of Measure must be in the same category.,错误：默认的计量单位和采购计量单位必须是相同的类别
product,help,"product.pricelist.item,name",0,Explicit rule name for this pricelist line.,价格表明细的详细规则名称
product,help,"product.pricelist.version,date_start",0,First valid date for the version.,这个版本的第一个有效期
product,selection,"product.template,mes_type",0,Fixed,固定
product,field,"product.product,message_follower_ids",0,Followers,关注者
product,field,"product.template,message_follower_ids",0,Followers,关注者
product,help,"product.pricelist.item,min_quantity",0,"For the rule to apply, bought/sold quantity must be greater than or equal to the minimum quantity specified in this field.
Expressed in the default UoM of the product.","For the rule to apply, bought/sold quantity must be greater than or equal to the minimum quantity specified in this field.
Expressed in the default UoM of the product."
product,help,"product.template,packaging_ids",0,Gives the different ways to package the same product. This has no impact on the picking order and is mainly used if you use the EDI module.,指定同一产品的多种包装方式。此处与分拣单并不冲突且主要用于 EDI 模块。
product,help,"product.pricelist.item,sequence",0,Gives the order in which the pricelist items will be checked. The evaluation gives highest priority to lowest sequence and stops as soon as a matching item is found.,价格表检测的顺序。越小的序号将有越高的优先级进行条件匹配。
product,help,"product.packaging,sequence",0,Gives the sequence order when displaying a list of packaging.,显示包装信息的顺序号
product,help,"product.category,sequence",0,Gives the sequence order when displaying a list of product categories.,显示产品类别列表的顺序号
product,field,"product.template,weight",0,Gross Weight,毛重
product,view,product.template,product.product_template_search_view,Group by...,分组
product,field,"product.ul,height",0,Height,高度
product,field,"product.price.history,datetime",0,Historization Time,Historization Time
product,field,"product.price.history,cost",0,Historized Cost,Historized Cost
product,help,"product.product,message_summary",0,"Holds the Chatter summary (number of messages, ...). This summary is directly in html format in order to be inserted in kanban views.",记住交谈者的主要特征（信息的编号，。。。），此主要特征为html格式，以便插入看板视图。
product,help,"product.template,message_summary",0,"Holds the Chatter summary (number of messages, ...). This summary is directly in html format in order to be inserted in kanban views.",记住交谈者的主要特征（信息的编号，。。。），此主要特征为html格式，以便插入看板视图。
product,model,"product.uom,name",product.product_uom_hour,Hour(s),小时数
product,help,"product.uom,factor_inv",0,"How many times this Unit of Measure is bigger than the reference Unit of Measure in this category:
1 * (this unit) = ratio * (reference unit)","本计量单位大于参考计量单位 的倍数。
1*（本单位）=比率*（参考单位）"
product,help,"product.uom,factor",0,"How much bigger or smaller this unit is compared to the reference Unit of Measure for this category:
1 * (reference unit) = ratio * (this unit)","本计量单位和参考计量单位相比，大或者小的倍数。
1*（参考单位=比率*（本单位）"
product,field,"pricelist.partnerinfo,id",0,ID,ID
product,field,"product.attribute,id",0,ID,ID
product,field,"product.attribute.line,id",0,ID,ID
product,field,"product.attribute.price,id",0,ID,ID
product,field,"product.attribute.value,id",0,ID,ID
product,field,"product.category,id",0,ID,ID
product,field,"product.packaging,id",0,ID,ID
product,field,"product.price.history,id",0,ID,ID
product,field,"product.price.type,id",0,ID,ID
product,field,"product.price_list,id",0,ID,ID
product,field,"product.pricelist,id",0,ID,ID
product,field,"product.pricelist.item,id",0,ID,ID
product,field,"product.pricelist.type,id",0,ID,ID
product,field,"product.pricelist.version,id",0,ID,ID
product,field,"product.product,id",0,ID,ID
product,field,"product.supplierinfo,id",0,ID,ID
product,field,"product.template,id",0,ID,ID
product,field,"product.ul,id",0,ID,ID
product,field,"product.uom,id",0,ID,ID
product,field,"product.uom.categ,id",0,ID,ID
product,field,"report.product.report_pricelist,id",0,ID,ID
product,help,"product.product,message_unread",0,If checked new messages require your attention.,查看是否有需要留意的新信息。
product,help,"product.template,message_unread",0,If checked new messages require your attention.,查看是否有需要留意的新信息。
product,help,"product.pricelist,active",0,"If unchecked, it will allow you to hide the pricelist without removing it.",如果不选中，允许你隐藏价格表而无需删除
product,help,"product.product,active",0,"If unchecked, it will allow you to hide the product without removing it.",如果不选中，允许你隐藏这个产品而无需删除。
product,help,"product.template,active",0,"If unchecked, it will allow you to hide the product without removing it.",如果不选中，允许你隐藏这个产品而无需删除。
product,field,"product.template,image",0,Image,图像
product,help,"product.product,image",0,"Image of the product variant (Big-sized image of product template if false). It is automatically resized as a 1024x1024px image, with aspect ratio preserved.","Image of the product variant (Big-sized image of product template if false). It is automatically resized as a 1024x1024px image, with aspect ratio preserved."
product,help,"product.product,image_medium",0,Image of the product variant (Medium-sized image of product template if false).,Image of the product variant (Medium-sized image of product template if false).
product,help,"product.product,image_small",0,Image of the product variant (Small-sized image of product template if false).,Image of the product variant (Small-sized image of product template if false).
product,selection,"product.template,state",0,In Development,开发中
product,view,product.template,product.product_template_form_view,Information,信息
product,model,"ir.model,name",product.model_product_supplierinfo,Information about a product supplier,产品供应商信息
product,code,addons/product/product.py,415,Integrity Error!,完整性错误！
product,field,"product.template,categ_id",0,Internal Category,内部分类
product,field,"product.product,code",0,Internal Reference,内部单号
product,field,"product.product,default_code",0,Internal Reference,内部单号
product,field,"product.template,default_code",0,Internal Reference,内部单号
product,help,"product.product,ean13",0,International Article Number used for product identification.,国际物品编码用于产品标识
product,view,product.template,product.product_template_form_view,Inventory,库存
product,field,"product.product,message_is_follower",0,Is a Follower,是一个关注者
product,field,"product.template,message_is_follower",0,Is a Follower,是一个关注者
product,field,"product.product,is_product_variant",0,Is product variant,是产品变体
product,field,"product.template,is_product_variant",0,Is product variant,是产品变体
product,view,product.pricelist.version,product.product_pricelist_version_form_view,Item List,项目列表
product,field,"product.pricelist.type,key",0,Key,关键字
product,field,"product.product,message_last_post",0,Last Message Date,最后信息日期
product,field,"product.template,message_last_post",0,Last Message Date,最后信息日期
product,field,"pricelist.partnerinfo,write_uid",0,Last Updated by,最后更新
product,field,"product.attribute,write_uid",0,Last Updated by,最后更新
product,field,"product.attribute.line,write_uid",0,Last Updated by,最后更新
product,field,"product.attribute.price,write_uid",0,Last Updated by,最后更新
product,field,"product.attribute.value,write_uid",0,Last Updated by,最后更新
product,field,"product.category,write_uid",0,Last Updated by,最后更新
product,field,"product.packaging,write_uid",0,Last Updated by,最后更新
product,field,"product.price.history,write_uid",0,Last Updated by,最后更新
product,field,"product.price.type,write_uid",0,Last Updated by,最后更新
product,field,"product.price_list,write_uid",0,Last Updated by,最后更新
product,field,"product.pricelist,write_uid",0,Last Updated by,最后更新
product,field,"product.pricelist.item,write_uid",0,Last Updated by,最后更新
product,field,"product.pricelist.type,write_uid",0,Last Updated by,最后更新
product,field,"product.pricelist.version,write_uid",0,Last Updated by,最后更新
product,field,"product.product,write_uid",0,Last Updated by,最后更新
product,field,"product.supplierinfo,write_uid",0,Last Updated by,最后更新
product,field,"product.template,write_uid",0,Last Updated by,最后更新
product,field,"product.ul,write_uid",0,Last Updated by,最后更新
product,field,"product.uom,write_uid",0,Last Updated by,最后更新
product,field,"product.uom.categ,write_uid",0,Last Updated by,最后更新
product,field,"pricelist.partnerinfo,write_date",0,Last Updated on,最后更新
product,field,"product.attribute,write_date",0,Last Updated on,最后更新
product,field,"product.attribute.line,write_date",0,Last Updated on,最后更新
product,field,"product.attribute.price,write_date",0,Last Updated on,最后更新
product,field,"product.attribute.value,write_date",0,Last Updated on,最后更新
product,field,"product.category,write_date",0,Last Updated on,最后更新
product,field,"product.packaging,write_date",0,Last Updated on,最后更新
product,field,"product.price.history,write_date",0,Last Updated on,最后更新
product,field,"product.price.type,write_date",0,Last Updated on,最后更新
product,field,"product.price_list,write_date",0,Last Updated on,最后更新
product,field,"product.pricelist,write_date",0,Last Updated on,最后更新
product,field,"product.pricelist.item,write_date",0,Last Updated on,最后更新
product,field,"product.pricelist.type,write_date",0,Last Updated on,最后更新
product,field,"product.pricelist.version,write_date",0,Last Updated on,最后更新
product,field,"product.product,write_date",0,Last Updated on,最后更新
product,field,"product.supplierinfo,write_date",0,Last Updated on,最后更新
product,field,"product.template,write_date",0,Last Updated on,最后更新
product,field,"product.ul,write_date",0,Last Updated on,最后更新
product,field,"product.uom,write_date",0,Last Updated on,最后更新
product,field,"product.uom.categ,write_date",0,Last Updated on,最后更新
product,help,"product.pricelist.version,date_end",0,Last valid date for the version.,此版本的最后有效日期
product,help,"product.supplierinfo,delay",0,Lead time in days between the confirmation of the purchase order and the receipt of the products in your warehouse. Used by the scheduler for automatic computation of the purchase order planning.,Lead time in days between the confirmation of the purchase order and the receipt of the products in your warehouse. Used by the scheduler for automatic computation of the purchase order planning.
product,field,"product.category,parent_left",0,Left Parent,左父项
product,field,"product.ul,length",0,Length,长度
product,model,"product.uom.categ,name",product.uom_categ_length,Length / Distance,长度或距离
product,view,product.template,product.product_template_only_form_view,List of Variants,变体列表
product,model,"product.uom,name",product.product_uom_litre,Liter(s),Liter(s)
product,model,"ir.model,name",product.model_product_ul,Logistic Unit,物流单元
product,model,"ir.actions.act_window,name",product.product_ul_form_action,Logistic Units,物流单元
product,model,"ir.ui.menu,name",product.menu_product_ul_form_action,Logistic Units,物流单元
product,view,product.ul,product.product_ul_form_view,Logistic Units,物流单元
product,view,product.ul,product.product_ul_tree,Logistic Units,物流单元
product,field,"product.template,packaging_ids",0,Logistical Units,物流单元
product,field,"product.template,seller_id",0,Main Supplier,主要供应商
product,help,"product.template,seller_id",0,Main Supplier who has highest priority in Supplier List.,主要供应商它在供应商里面具有最高的优先级。
product,model,"res.groups,name",product.group_uom,Manage Multiple Units of Measure,管理多个计量单位
product,model,"res.groups,name",product.group_stock_packaging,Manage Product Packaging,管理产品包装
product,model,"res.groups,name",product.group_mrp_properties,Manage Properties of Product,管理产品的属性
product,model,"res.groups,name",product.group_uos,Manage Secondary Unit of Measure,管理第二个计量单位
product,view,product.pricelist.item,product.product_pricelist_item_form_view,Max. Margin,最大毛利
product,field,"product.pricelist.item,price_max_margin",0,Max. Price Margin,最大的价格毛利
product,field,"product.template,mes_type",0,Measure Type,计量类型
product,field,"product.product,image_medium",0,Medium-sized image,中等尺寸图片
product,field,"product.template,image_medium",0,Medium-sized image,中等尺寸图片
product,help,"product.template,image_medium",0,"Medium-sized image of the product. It is automatically resized as a 128x128px image, with aspect ratio preserved, only when the image exceeds one of those sizes. Use this field in form views or some kanban views.",产品的中等尺寸的图片。保持纵横比例，图像超出尺寸后，自动缩放为128x128px ，这字段通常用于看板视图。
product,field,"product.product,message_ids",0,Messages,消息
product,field,"product.template,message_ids",0,Messages,消息
product,help,"product.product,message_ids",0,Messages and communication history,消息和通信历史
product,help,"product.template,message_ids",0,Messages and communication history,消息和通信历史
product,view,product.pricelist.item,product.product_pricelist_item_form_view,Min. Margin,最小毛利
product,field,"product.pricelist.item,price_min_margin",0,Min. Price Margin,最小价格毛利
product,field,"product.pricelist.item,min_quantity",0,Min. Quantity,最小数量
product,field,"product.supplierinfo,min_qty",0,Minimal Quantity,最少数量
product,field,"product.attribute,name",0,Name,名称
product,field,"product.category,complete_name",0,Name,名称
product,field,"product.category,name",0,Name,名称
product,field,"product.pricelist.type,name",0,Name,名称
product,field,"product.pricelist.version,name",0,Name,名称
product,field,"product.template,name",0,Name,名称
product,field,"product.ul,name",0,Name,名称
product,field,"product.uom.categ,name",0,Name,名称
product,help,"product.price.type,name",0,Name of this kind of price.,价格种类名称
product,field,"product.template,weight_net",0,Net Weight,净重
product,view,product.pricelist.item,product.product_pricelist_item_form_view,New Price =,新价格 =
product,code,addons/product/product.py,756,"New Unit of Measure '%s' must belong to same Unit of Measure category '%s' as of old Unit of Measure '%s'. If you need to change the unit of measure, you may deactivate this product from the 'Procurements' tab and create a new one.",新的计量单位'%s'的类别 '%s'必须跟老单位 '%s' 相同。如果你要改变计量单位，你要'需求'标签停用这个产品 ，并且创建一个新的。
product,selection,"product.category,type",0,Normal,普通
product,selection,"product.template,state",0,Normal,普通
product,field,"product.packaging,rows",0,Number of Layers,层数
product,selection,"product.template,state",0,Obsolete,作废
product,view,product.packaging,product.product_packaging_form_view,Other Info,其它信息
product,view,product.packaging,product.product_packaging_form_view_without_product,Other Info,其它信息
product,code,addons/product/pricelist.py,439,Other Pricelist,其他价格表
product,field,"product.pricelist.item,base_pricelist_id",0,Other Pricelist,其他价格表
product,selection,"product.ul,type",0,Pack,包裹
product,field,"product.packaging,ul",0,Package Logistic Unit,包裹物流单元
product,field,"product.packaging,ul_qty",0,Package by layer,每层的包裹数
product,model,"ir.model,name",product.model_product_packaging,Packaging,包装
product,view,product.packaging,product.product_packaging_form_view,Packaging,包装
product,view,product.packaging,product.product_packaging_form_view_without_product,Packaging,包装
product,view,product.packaging,product.product_packaging_tree_view,Packaging,包装
product,view,product.packaging,product.product_packaging_tree_view_product,Packaging,包装
product,view,product.template,product.product_template_form_view,Packaging,包装
product,selection,"product.ul,type",0,Pallet,托盘
product,field,"product.packaging,ul_container",0,Pallet Logistic Unit,托盘物流单元
product,view,product.packaging,product.product_packaging_form_view,Palletization,托盘化
product,view,product.packaging,product.product_packaging_form_view_without_product,Palletization,托盘化
product,field,"product.category,parent_id",0,Parent Category,上级分类
product,model,"ir.model,name",product.model_res_partner,Partner,业务伙伴
product,field,"pricelist.partnerinfo,suppinfo_id",0,Partner Information,业务伙伴信息
product,field,"product.product,price",0,Price,价格
product,field,"product.template,price",0,Price,价格
product,view,product.pricelist.item,product.product_pricelist_item_form_view,Price Computation,价格计算
product,field,"product.pricelist.item,price_discount",0,Price Discount,价格折扣
product,field,"product.attribute.price,price_extra",0,Price Extra,额外价格
product,help,"product.attribute.value,price_extra",0,"Price Extra: Extra price for the variant with this attribute value on sale price. eg. 200 price extra, 1000 + 200 = 1200.","Price Extra: Extra price for the variant with this attribute value on sale price. eg. 200 price extra, 1000 + 200 = 1200."
product,model,"ir.actions.act_window,name",product.action_product_price_list,Price List,价格表
product,model,"ir.model,name",product.model_product_price_list,Price List,价格表
product,view,product.price_list,product.view_product_price_list,Price List,价格表
product,field,"product.pricelist.version,pricelist_id",0,Price List,价格表
product,view,website,product.report_pricelist,Price List,价格表
product,field,"product.pricelist.version,items_id",0,Price List Items,价格表项目
product,view,website,product.report_pricelist,Price List Name,价格表名称
product,field,"product.pricelist.item,price_version_id",0,Price List Version,价格表版本
product,field,"product.price.type,name",0,Price Name,价格名称
product,field,"product.pricelist.item,price_round",0,Price Rounding,价格舍入
product,field,"product.pricelist.item,price_surcharge",0,Price Surcharge,价格额外费用
product,model,"ir.model,name",product.model_product_price_type,Price Type,价格类型
product,model,"ir.actions.act_window,name",product.product_price_type_action,Price Types,价格类型
product,model,"ir.ui.menu,name",product.menu_product_price_type,Price Types,价格类型
product,view,product.product,product.product_kanban_view,Price:,价格:
product,view,product.template,product.product_template_kanban_view,Price:,价格:
product,field,"product.price_list,price_list",0,PriceList,价格表
product,model,"ir.actions.report.xml,name",product.action_report_pricelist,Pricelist,价格表
product,model,"ir.model,name",product.model_product_pricelist,Pricelist,价格表
product,view,product.supplierinfo,product.product_supplierinfo_form_view,Pricelist,价格表
product,field,"product.template,pricelist_id",0,Pricelist,价格表
product,field,"product.pricelist,name",0,Pricelist Name,价格表名称
product,model,"ir.model,name",product.model_product_pricelist_type,Pricelist Type,价格表类型
product,field,"product.pricelist,type",0,Pricelist Type,价格表类型
product,model,"ir.model,name",product.model_product_pricelist_version,Pricelist Version,价格表版本
product,view,product.pricelist,product.product_pricelist_view,Pricelist Version,价格表版本
product,view,product.pricelist.version,product.product_pricelist_version_form_view,Pricelist Version,价格表版本
product,view,product.pricelist.version,product.product_pricelist_version_tree_view,Pricelist Version,价格表版本
product,model,"ir.actions.act_window,name",product.product_pricelist_action,Pricelist Versions,价格表版本
product,model,"ir.ui.menu,name",product.menu_product_pricelist_action,Pricelist Versions,价格表版本
product,field,"product.pricelist,version_id",0,Pricelist Versions,价格表版本
product,model,"ir.model,name",product.model_product_pricelist_item,Pricelist item,价格表明细
product,model,"ir.actions.act_window,name",product.product_pricelist_action2,Pricelists,价格表
product,model,"ir.actions.act_window,name",product.product_pricelist_action_for_purchase,Pricelists,价格表
product,model,"ir.ui.menu,name",product.menu_product_pricelist_action2,Pricelists,价格表
product,model,"ir.ui.menu,name",product.menu_product_pricelist_main,Pricelists,价格表
product,view,res.partner,product.view_partner_property_form,Pricelists are managed on,价格表被管理在
product,view,product.price_list,product.view_product_price_list,Print,打印
product,view,website,product.report_pricelist,Print date,Print date
product,view,product.template,product.product_template_form_view,Procurements,补货
product,model,"ir.model,name",product.model_product_product,Product,产品
product,field,"product.packaging,product_tmpl_id",0,Product,产品
product,field,"product.pricelist.item,product_id",0,Product,产品
product,view,product.template,product.product_template_form_view,Product,产品
product,view,product.template,product.product_template_search_view,Product,产品
product,view,product.template,product.product_template_tree_view,Product,产品
product,model,"res.request.link,name",product.req_link_product,Product,产品
product,model,"ir.model,name",product.model_product_attribute,Product Attribute,产品属性
product,field,"product.attribute.line,value_ids",0,Product Attribute Value,产品属性值
product,field,"product.attribute.price,value_id",0,Product Attribute Value,产品属性值
product,field,"product.template,attribute_line_ids",0,Product Attributes,产品属性
product,model,"ir.actions.act_window,name",product.product_category_action_form,Product Categories,产品类别
product,model,"ir.ui.menu,name",product.menu_product_category_action_form,Product Categories,产品类别
product,view,product.category,product.product_category_form_view,Product Categories,产品类别
product,view,product.category,product.product_category_list_view,Product Categories,产品类别
product,view,product.category,product.product_category_search_view,Product Categories,产品类别
product,view,product.category,product.product_category_tree_view,Product Categories,产品类别
product,model,"ir.ui.menu,name",product.prod_config_main,Product Categories & Attributes,产品类别 & 属性
product,model,"ir.model,name",product.model_product_category,Product Category,产品分类
product,field,"product.pricelist.item,categ_id",0,Product Category,产品分类
product,field,"product.price.type,field",0,Product Field,产品字段
product,field,"product.template,product_manager",0,Product Manager,产品经理
product,view,product.template,product.product_template_form_view,Product Name,产品名称
product,model,"ir.model,name",product.model_product_template,Product Template,产品模板
product,field,"product.attribute.line,product_tmpl_id",0,Product Template,产品模板
product,field,"product.attribute.price,product_tmpl_id",0,Product Template,产品模板
product,field,"product.price.history,product_template_id",0,Product Template,产品模板
product,field,"product.pricelist.item,product_tmpl_id",0,Product Template,产品模板
product,view,product.product,product.product_search_form_view,Product Template,产品模板
product,field,"product.product,product_tmpl_id",0,Product Template,产品模板
product,field,"product.supplierinfo,product_tmpl_id",0,Product Template,产品模板
product,view,product.template,product.product_template_only_form_view,Product Template,产品模板
product,field,"product.template,type",0,Product Type,产品类型
product,model,"ir.model,name",product.model_product_uom,Product Unit of Measure,产品计量单位
product,view,product.product,product.product_normal_form_view,Product Variant,产品变体
product,view,product.template,product.product_template_search_view,Product Variant,产品变体
product,model,"ir.actions.act_window,name",product.product_normal_action,Product Variants,产品变体
product,model,"ir.actions.act_window,name",product.product_normal_action_sell,Product Variants,产品变体
product,model,"ir.actions.act_window,name",product.product_normal_action_tree,Product Variants,产品变体
product,model,"ir.actions.act_window,name",product.product_variant_action,Product Variants,产品变体
product,model,"ir.ui.menu,name",product.menu_products,Product Variants,产品变体
product,view,product.product,product.product_product_tree_view,Product Variants,产品变体
product,model,"ir.model,name",product.model_product_uom_categ,Product uom categ,产品计量单位类别
product,model,"ir.actions.act_window,name",product.product_template_action,Products,产品
product,model,"ir.ui.menu,name",product.menu_product_template_action,Products,产品
product,field,"product.template,product_variant_ids",0,Products,产品
product,model,"ir.actions.report.xml,name",product.report_product_label,Products Labels,产品标签
product,view,product.pricelist.item,product.product_pricelist_item_form_view,Products Listprices Items,产品标价项目
product,view,product.pricelist.item,product.product_pricelist_item_tree_view,Products Listprices Items,产品标价项目
product,view,product.pricelist,product.product_pricelist_view_search,Products Price,产品价格
product,view,product.pricelist,product.product_pricelist_view,Products Price List,产品价格表
product,view,product.pricelist,product.product_pricelist_view_tree,Products Price List,产品价格表
product,view,product.pricelist,product.product_pricelist_view_search,Products Price Search,产品价格搜索
product,view,product.price.type,product.product_price_type_view,Products Price Type,产品价格类型
product,model,"ir.actions.act_window,name",product.product_category_action,Products by Category,产品类别
product,model,"ir.ui.menu,name",product.menu_products_category,Products by Category,产品类别
product,code,addons/product/product.py,876,Products: ,产品： 
product,model,"product.price.type,name",product.list_price,Public Price,公开价格
product,field,"product.product,lst_price",0,Public Price,公开价格
product,field,"product.template,lst_price",0,Public Price,公开价格
product,model,"product.pricelist,name",product.list0,Public Pricelist,公共价格表
product,view,product.template,product.product_template_form_view,Purchase,采购
product,field,"product.template,description_purchase",0,Purchase Description,采购说明
product,model,"res.groups,name",product.group_purchase_pricelist,Purchase Pricelists,采购价格表
product,field,"product.template,uom_po_id",0,Purchase Unit of Measure,采购计量单位
product,field,"pricelist.partnerinfo,min_quantity",0,Quantity,数量
product,field,"product.supplierinfo,qty",0,Quantity,数量
product,field,"product.packaging,qty",0,Quantity by Package,包装数量
product,field,"product.price_list,qty1",0,Quantity-1,Quantity-1
product,field,"product.price_list,qty2",0,Quantity-2,Quantity-2
product,field,"product.price_list,qty3",0,Quantity-3,Quantity-3
product,field,"product.price_list,qty4",0,Quantity-4,Quantity-4
product,field,"product.price_list,qty5",0,Quantity-5,Quantity-5
product,field,"product.uom,factor",0,Ratio,比例
product,selection,"product.uom,uom_type",0,Reference Unit of Measure for this category,这个类别的参考计量单位
product,field,"product.category,parent_right",0,Right Parent,右父项
product,view,product.pricelist.item,product.product_pricelist_item_form_view,Rounding Method,舍入方法
product,field,"product.uom,rounding",0,Rounding Precision,舍入精度
product,field,"product.pricelist.item,name",0,Rule Name,规则名称
product,view,product.template,product.product_template_form_view,Sale Conditions,销售条件
product,field,"product.template,description_sale",0,Sale Description,销售说明
product,field,"product.template,list_price",0,Sale Price,销售价格
product,model,"product.pricelist.type,name",product.pricelist_type_sale,Sale Pricelist,销售价格表
product,field,"res.partner,property_product_pricelist",0,Sale Pricelist,销售价格表
product,model,"product.category,name",product.product_category_1,Saleable,可销售
product,view,product.template,product.product_template_form_view,Sales,销售
product,view,res.partner,product.view_partner_property_form,Sales & Purchases,销售&采购
product,model,"res.groups,name",product.group_sale_pricelist,Sales Pricelists,销售价格表
product,help,"product.template,categ_id",0,Select category for the current product,为当前产品选择一个类别
product,field,"product.attribute.value,sequence",0,Sequence,序列
product,field,"product.category,sequence",0,Sequence,序列
product,field,"product.packaging,sequence",0,Sequence,序列
product,field,"product.pricelist.item,sequence",0,Sequence,序列
product,field,"product.supplierinfo,sequence",0,Sequence,序列
product,model,"product.template,name",product.product_product_consultant_product_template,Service,服务
product,selection,"product.template,type",0,Service,服务
product,view,product.template,product.product_template_search_view,Services,服务
product,help,"product.pricelist.item,price_round",0,"Sets the price so that it is a multiple of this value.
Rounding is applied after the discount and before the surcharge.
To have prices that end in 9.99, set rounding 10, surcharge -0.01","设定价格,因为它是一个多元价格, 四舍五入后打折或加入附加费. 
以价格9.99为例四舍五入为10附加费为-0.001."
product,field,"product.product,image_small",0,Small-sized image,小尺寸图片
product,field,"product.template,image_small",0,Small-sized image,小尺寸图片
product,help,"product.template,image_small",0,"Small-sized image of the product. It is automatically resized as a 64x64px image, with aspect ratio preserved. Use this field anywhere a small image is required.",产品的小尺寸图片。保持纵横比，自动缩放为64x64px。用于任何需要小图片的场合
product,selection,"product.uom,uom_type",0,Smaller than the reference Unit of Measure,小于参考计量单位
product,help,"product.pricelist.item,categ_id",0,Specify a product category if this rule only applies to products belonging to this category or its children categories. Keep empty otherwise.,指定一个产品分类 ，规则只被应用在与这个分类以及它的子类一致的产品上。其它情况留空
product,help,"product.pricelist.item,product_id",0,Specify a product if this rule only applies to one product. Keep empty otherwise.,如果规则只适用一个产品，就指定一个产品，否则留空。
product,help,"product.pricelist.item,product_tmpl_id",0,Specify a template if this rule only applies to one product template. Keep empty otherwise.,如果这条规则只能用于一个产品模版，则指定一个模版。否则留空。
product,help,"product.template,uos_id",0,Specify a unit of measure here if invoicing is made in another unit of measure than inventory. Keep empty to use the default unit of measure.,Specify a unit of measure here if invoicing is made in another unit of measure than inventory. Keep empty to use the default unit of measure.
product,help,"product.template,sale_ok",0,Specify if the product can be selected in a sales order line.,如果产品能在销售单明细在被选择，则指定。
product,help,"product.pricelist.item,price_surcharge",0,Specify the fixed amount to add or substract(if negative) to the amount calculated with the discount.,指定固定金额来添加或减去(如果负)，用作折扣来计算金额。
product,help,"product.pricelist.item,price_max_margin",0,Specify the maximum amount of margin over the base price.,指定基于基准价格的最大利润
product,help,"product.pricelist.item,price_min_margin",0,Specify the minimum amount of margin over the base price.,指定基于基准价格的最大利润
product,field,"product.pricelist.version,date_start",0,Start Date,开始日期
product,view,product.template,product.product_template_form_view,Status,状态
product,field,"product.template,state",0,Status,状态
product,selection,"product.template,type",0,Stockable Product,可库存产品
product,field,"product.product,message_summary",0,Summary,摘要
product,field,"product.template,message_summary",0,Summary,摘要
product,field,"product.supplierinfo,name",0,Supplier,供应商
product,field,"product.template,seller_ids",0,Supplier,供应商
product,view,product.supplierinfo,product.product_supplierinfo_form_view,Supplier Information,供应商信息
product,view,product.supplierinfo,product.product_supplierinfo_tree_view,Supplier Information,供应商信息
product,field,"product.template,seller_delay",0,Supplier Lead Time,供应商交货提前期
product,field,"product.supplierinfo,pricelist_ids",0,Supplier Pricelist,供应商价格表
product,code,addons/product/pricelist.py,440,Supplier Prices on the product form,产品表单中的供应商价格
product,field,"product.supplierinfo,product_code",0,Supplier Product Code,供应商产品代码
product,field,"product.supplierinfo,product_name",0,Supplier Product Name,供应商产品名称
product,field,"product.template,seller_qty",0,Supplier Quantity,供应商数量
product,field,"product.supplierinfo,product_uom",0,Supplier Unit of Measure,供应商单位
product,help,"product.supplierinfo,name",0,Supplier of this product,产品供应商
product,view,product.template,product.product_template_form_view,Suppliers,供应商
product,field,"product.product,name_template",0,Template Name,模板名称
product,help,"product.packaging,ean",0,The EAN code of the package unit.,包装单元的 EAN 条码
product,help,"product.packaging,code",0,The code of the transport unit.,运输单位代码
product,view,product.pricelist.item,product.product_pricelist_item_form_view,The computed price is expressed in the default Unit of Measure of the product.,The computed price is expressed in the default Unit of Measure of the product.
product,help,"product.uom,rounding",0,"The computed quantity will be a multiple of this value. Use 1.0 for a Unit of Measure that cannot be further split, such as a piece.",计算的数量将是这个值的倍数。  不能进一步分割的单位，比如 1 片，使用1.0 。
product,sql_constraint,product.uom,0,The conversion ratio for a unit of measure cannot be 0!,计量单位的转换比率不能为 0！
product,help,"product.price.type,currency_id",0,The currency the field is expressed in.,货币字段的表达式
product,help,"product.template,weight",0,The gross weight in Kg.,毛重，公斤
product,help,"product.ul,height",0,The height of the package,包装的高度
product,help,"product.ul,length",0,The length of the package,包装的长度
product,help,"product.supplierinfo,min_qty",0,"The minimal quantity to purchase to this supplier, expressed in the supplier Product Unit of Measure if not empty, in the default unit of measure of the product otherwise.",从供应商采购的最小数量，如果不是空的，就按明示的供应商单位。否则就是默认的计量单位。
product,help,"pricelist.partnerinfo,min_quantity",0,"The minimal quantity to trigger this rule, expressed in the supplier Unit of Measure if any or in the default Unit of Measure of the product otherrwise.",最小数量触发这个规则，如果指明了就是供应商单位，否则就是产品的默认计量单位
product,help,"product.template,weight_net",0,The net weight in Kg.,净重，公斤
product,help,"product.packaging,rows",0,The number of layers on a pallet or box,托盘或箱子的层数
product,help,"product.packaging,ul_qty",0,The number of packages by layer,每层的包裹数
product,code,addons/product/product.py,415,"The operation cannot be completed:
You trying to delete an attribute value with a reference on a product variant.","The operation cannot be completed:
You trying to delete an attribute value with a reference on a product variant."
product,view,product.supplierinfo,product.product_supplierinfo_form_view,The prices below will only be taken into account when your pricelist is set as based on supplier prices.,当你的价格表被设置为基于供应商价格时，下面的价格将被带进账目中
product,help,"product.packaging,qty",0,The total number of products you can put by pallet or box.,你能放入托盘或箱子的产品数量。
product,help,"product.template,volume",0,The volume in m3.,这体积是m3
product,help,"product.packaging,weight",0,"The weight of a full package, pallet or box.",完整包裹、托盘或者箱子的重量
product,help,"product.ul,width",0,The width of the package,包裹的宽度
product,sql_constraint,product.attribute.value,0,This attribute value already exists !,This attribute value already exists !
product,help,"product.supplierinfo,product_uom",0,This comes from the product form.,此处源自该产品表单。
product,help,"product.product,image_variant",0,"This field holds the image used as image for the product variant, limited to 1024x1024px.","This field holds the image used as image for the product variant, limited to 1024x1024px."
product,help,"product.template,image",0,"This field holds the image used as image for the product, limited to 1024x1024px.",该字段保存产品的图片，限制到  1024x1024px.
product,help,"product.supplierinfo,qty",0,This is a quantity which is converted into Default Unit of Measure.,这是转换为默认计量单位的值
product,help,"product.template,seller_qty",0,This is minimum quantity to purchase from Main Supplier.,供应商的最低订购量
product,help,"product.template,seller_delay",0,This is the average delay in days between the purchase order confirmation and the receipts for this product and for the default supplier. It is used by the scheduler to order requests based on reordering delays.,This is the average delay in days between the purchase order confirmation and the receipts for this product and for the default supplier. It is used by the scheduler to order requests based on reordering delays.
product,help,"product.product,price_extra",0,This is the sum of the extra price of all attributes,This is the sum of the extra price of all attributes
product,view,product.template,product.product_template_form_view,This note will be displayed on requests for quotation...,此备注将被显示在询价单 ...
product,help,"pricelist.partnerinfo,price",0,This price will be considered as a price for the supplier Unit of Measure if any or the default Unit of Measure of the product otherwise,这个价格是 按照供应商单位考虑的，其他情况是默认单位
product,help,"res.partner,property_product_pricelist",0,"This pricelist will be used, instead of the default one, for sales to the current partner","这价格表将会被使用,取代默认值,用之出售给当前伙伴."
product,help,"product.supplierinfo,product_code",0,This supplier's product code will be used when printing a request for quotation. Keep empty to use the internal one.,这是供应商的产品代码，将用于打印询价单。如果使用内部的代码请保持为空。
product,help,"product.supplierinfo,product_name",0,This supplier's product name will be used when printing a request for quotation. Keep empty to use the internal one.,此供应商产品名称用于打印询价单。为空则使用内部名称。
product,field,"product.packaging,weight",0,Total Package Weight,包装总重量
product,view,product.template,product.product_template_search_view,Type,类型
product,field,"product.ul,type",0,Type,类型
product,field,"product.uom,uom_type",0,Type,类型
product,selection,"product.ul,type",0,Unit,单件
product,model,"product.uom.categ,name",product.product_uom_categ_unit,Unit,单件
product,field,"pricelist.partnerinfo,price",0,Unit Price,单价
product,view,product.template,product.product_template_form_view,Unit of Measure,计量单位
product,field,"product.template,uom_id",0,Unit of Measure,计量单位
product,field,"product.uom,name",0,Unit of Measure,计量单位
product,field,"product.template,uos_coeff",0,Unit of Measure -> UOS Coeff,计量单位 -> 销售单位的系数
product,model,"ir.actions.act_window,name",product.product_uom_categ_form_action,Unit of Measure Categories,计量单位类别
product,model,"ir.ui.menu,name",product.menu_product_uom_categ_form_action,Unit of Measure Categories,计量单位类别
product,field,"product.uom,category_id",0,Unit of Measure Category,计量单位类别
product,code,addons/product/product.py,756,Unit of Measure categories Mismatch!,计量单位类别不一致
product,field,"product.template,uos_id",0,Unit of Sale,销售单位
product,model,"product.uom,name",product.product_uom_unit,Unit(s),Unit(s)
product,model,"ir.actions.act_window,name",product.product_uom_form_action,Units of Measure,计量单位
product,model,"ir.ui.menu,name",product.menu_product_uom_form_action,Units of Measure,计量单位
product,model,"ir.ui.menu,name",product.next_id_16,Units of Measure,计量单位
product,view,product.uom,product.product_uom_form_view,Units of Measure,计量单位
product,view,product.uom,product.product_uom_tree_view,Units of Measure,计量单位
product,view,product.uom.categ,product.product_uom_categ_form_view,Units of Measure categories,计量单位类别
product,field,"product.product,message_unread",0,Unread Messages,未读消息
product,field,"product.template,message_unread",0,Unread Messages,未读消息
product,help,"product.pricelist.type,key",0,Used in the code to select specific prices based on the context. Keep unchanged.,基于上下文用代码来确定具体的价格. (保持不变)
product,field,"product.attribute.value,name",0,Value,值
product,field,"product.attribute,value_ids",0,Values,值
product,selection,"product.template,mes_type",0,Variable,变量
product,field,"product.product,price_extra",0,Variant Extra Price,变体额外价格
product,field,"product.product,image_variant",0,Variant Image,变体图片
product,view,product.template,product.product_template_only_form_view,Variant Prices,变体价格
product,model,"ir.actions.act_window,name",product.variants_template_action,Variant Values,变体值
product,view,product.attribute,product.attribute_tree_view,Variant Values,变体值
product,view,product.attribute.value,product.variants_template_tree_view,Variant Values,变体值
product,view,product.attribute.value,product.variants_tree_view,Variant Values,变体值
product,field,"product.attribute.value,product_ids",0,Variants,变体
product,view,product.template,product.product_template_kanban_view,Variants,变体
product,view,product.template,product.product_template_only_form_view,Variants,变体
product,selection,"product.category,type",0,View,视图
product,field,"product.template,volume",0,Volume,体积
product,model,"product.uom.categ,name",product.product_uom_categ_vol,Volume,体积
product,view,product.template,product.product_template_only_form_view,Warning,警告
product,code,addons/product/pricelist.py,215,Warning!,Warning!
product,code,addons/product/product.py,215,Warning!,Warning!
product,field,"product.template,warranty",0,Warranty,质保
product,model,"product.uom.categ,name",product.product_uom_categ_kgm,Weight,重量
product,view,product.template,product.product_template_form_view,Weights,重量
product,help,"product.pricelist.version,active",0,"When a version is duplicated it is set to non active, so that the dates do not overlaps with original version. You should change the dates and reactivate the pricelist",在复制一个版本时它设为不生效. 这样旧版本日期是不重复的. 你应该修改日期并激活这价格表
product,field,"product.ul,width",0,Width,宽度
product,model,"product.uom.categ,name",product.uom_categ_wtime,Working Time,工作时间
product,constraint,product.pricelist.version,0,You cannot have 2 pricelist versions that overlap!,您不能拥有两个重复的价格表版本.
product,constraint,product.product,0,"You provided an invalid ""EAN13 Barcode"" reference. You may use the ""Internal Reference"" field instead.","你提供了一个错误的  ""EAN13 条码"" 编号。你可能要用 “编号”字段替代。"
product,model,"product.uom,name",product.product_uom_cm,cm,cm
product,view,product.template,product.product_template_form_view,describe the product characteristics...,描述产品特征
product,view,product.uom,product.product_uom_form_view,e.g: 1 * (reference unit) = ratio * (this unit),例如: 1*(参考单位) = 比例 * （本单位）
product,view,product.uom,product.product_uom_form_view,e.g: 1 * (this unit) = ratio * (reference unit),例如: 1 * (本单位t) = 比例 * (参考单位)
product,model,"product.uom,name",product.product_uom_floz,fl oz,fl oz
product,model,"product.uom,name",product.product_uom_foot,foot(ft),foot(ft)
product,model,"product.uom,name",product.product_uom_gal,gal(s),gal(s)
product,model,"product.uom,name",product.product_uom_inch,inch(es),inch(es)
product,model,"product.uom,name",product.product_uom_kgm,kg,kg
product,model,"product.uom,name",product.product_uom_km,km,km
product,model,"product.uom,name",product.product_uom_lb,lb(s),lb(s)
product,view,product.product,product.product_normal_form_view,lst_price,lst_price
product,model,"product.uom,name",product.product_uom_mile,mile(s),mile(s)
product,view,product.template,product.product_template_form_view,months,月
product,view,product.template,product.product_template_form_view,note to be displayed on quotations...,被显示在报价单的备注 ...
product,view,product.price_list,product.view_product_price_list,or,或
product,model,"product.uom,name",product.product_uom_oz,oz(s),oz(s)
product,model,"product.uom,name",product.product_uom_qt,qt,qt
product,view,res.partner,product.view_partner_property_form,the parent company,母公司
product,field,"product.price.history,company_id",0,unknown,未知的
product_email_template,view,email.template,product_email_template.email_template_form_simplified,Body,内容
product_email_template,view,email.template,product_email_template.email_template_form_simplified,Email Template,电子邮件模板
product_email_template,model,"ir.model,name",product_email_template.model_account_invoice,Invoice,开发票
product_email_template,field,"product.template,email_template_id",0,Product Email Template,Product Email Template
product_email_template,model,"ir.model,name",product_email_template.model_product_template,Product Template,产品模板
product_email_template,help,"product.template,email_template_id",0,"When validating an invoice, an email will be sent to the customerbased on this template. The customer will receive an email for eachproduct linked to an email template.","When validating an invoice, an email will be sent to the customerbased on this template. The customer will receive an email for eachproduct linked to an email template."
product_expiry,field,"stock.production.lot,alert_date",0,Alert Date,警告日期
product_expiry,field,"stock.production.lot,use_date",0,Best before Date,Best before Date
product_expiry,view,product.template,product_expiry.view_product_form_expiry,Dates,日期
product_expiry,view,stock.production.lot,product_expiry.view_move_form_expiry,Dates,日期
product_expiry,field,"stock.production.lot,life_date",0,End of Life Date,报废日期
product_expiry,model,"ir.model,name",product_expiry.model_stock_production_lot,Lot/Serial,Lot/Serial
product_expiry,field,"product.template,alert_time",0,Product Alert Time,产品警报时间
product_expiry,field,"product.template,life_time",0,Product Life Time,产品寿命时间
product_expiry,field,"product.template,removal_time",0,Product Removal Time,产品移除时间
product_expiry,model,"ir.model,name",product_expiry.model_product_template,Product Template,产品模板
product_expiry,field,"product.template,use_time",0,Product Use Time,产品启用时间
product_expiry,model,"ir.model,name",product_expiry.model_stock_quant,Quants,份
product_expiry,field,"stock.production.lot,removal_date",0,Removal Date,移除日期
product_expiry,field,"stock.quant,removal_date",0,Removal Date,移除日期
product_expiry,help,"stock.production.lot,alert_date",0,This is the date on which an alert should be notified about the goods with this Serial Number.,此处表明该序列号所指商品需要提醒管理员的日期。
product_expiry,help,"stock.production.lot,life_date",0,This is the date on which the goods with this Serial Number may become dangerous and must not be consumed.,此处表明该序列号的商品变得危险的日期，此时该商品不能使用。
product_expiry,help,"stock.production.lot,removal_date",0,This is the date on which the goods with this Serial Number should be removed from the stock.,此序列号所含商品将在该日从库存移除。
product_expiry,help,"stock.production.lot,use_date",0,"This is the date on which the goods with this Serial Number start deteriorating, without being dangerous yet.",此处表明该序列号的商品开始变质的日期（未变危险）。
product_expiry,help,"product.template,alert_time",0,"When a new a Serial Number is issued, this is the number of days before an alert should be notified.",此处表明当新序列号生成时，商品生成提醒前的天数。
product_expiry,help,"product.template,life_time",0,"When a new a Serial Number is issued, this is the number of days before the goods may become dangerous and must not be consumed.","此处表明当新序列号生成时，商品变危险以至于不能使用前的天数。When a new a Serial Number is issued, this is the number of days before the goods may become dangerous and must not be consumed."
product_expiry,help,"product.template,removal_time",0,"When a new a Serial Number is issued, this is the number of days before the goods should be removed from the stock.",此处表明当新序列号生成时，商品需要提前多少天从库存移除。
product_expiry,help,"product.template,use_time",0,"When a new a Serial Number is issued, this is the number of days before the goods starts deteriorating, without being dangerous yet.",此处表明当新序列号生成时，商品变质前（未变危险）的天数。
product_extended,code,addons/product_extended/wizard/wizard_price.py,44,Active ID is not set in Context.,Active ID is not set in Context.
product_extended,code,addons/product_extended/wizard/wizard_price.py,56,Active ID is not set in Context.,Active ID is not set in Context.
product_extended,model,"ir.model,name",product_extended.model_mrp_bom,Bill of Material,物料清单
product_extended,view,wizard.price,product_extended.view_compute_price_wizard,Cancel,取消
product_extended,view,wizard.price,product_extended.view_compute_price_wizard,Change Price,Change Price
product_extended,view,wizard.price,product_extended.view_compute_price_wizard,Change Standard Price,Change Standard Price
product_extended,field,"wizard.price,recursive",0,Change prices of child BoMs too,Change prices of child BoMs too
product_extended,model,"ir.actions.act_window,name",product_extended.action_view_compute_price_wizard,Compute Price Wizard,Compute Price Wizard
product_extended,model,"ir.model,name",product_extended.model_wizard_price,Compute price wizard,Compute price wizard
product_extended,field,"wizard.price,create_uid",0,Created by,创建者
product_extended,field,"wizard.price,create_date",0,Created on,创建于
product_extended,field,"wizard.price,real_time_accounting",0,Generate accounting entries when real-time,Generate accounting entries when real-time
product_extended,field,"wizard.price,id",0,ID,ID
product_extended,field,"wizard.price,info_field",0,Info,Info
product_extended,field,"wizard.price,write_uid",0,Last Updated by,最后更新
product_extended,field,"wizard.price,write_date",0,Last Updated on,最后更新
product_extended,model,"ir.model,name",product_extended.model_product_template,Product Template,产品模板
product_extended,view,product.template,product_extended.product_product_ext_form_view2,Recompute price from BoM,Recompute price from BoM
product_extended,view,wizard.price,product_extended.view_compute_price_wizard,Set price on BoM,Set price on BoM
product_extended,field,"mrp.bom,standard_price",0,Standard Price,成本价格
product_extended,view,wizard.price,product_extended.view_compute_price_wizard,The price is computed from the bill of material lines which are not variant specific,The price is computed from the bill of material lines which are not variant specific
product_extended,code,addons/product_extended/wizard/wizard_price.py,54,"This wizard is build for product templates, while you are currently running it from a product variant.","This wizard is build for product templates, while you are currently running it from a product variant."
product_extended,code,addons/product_extended/wizard/wizard_price.py,54,Wrong model!,Wrong model!
product_extended,view,wizard.price,product_extended.view_compute_price_wizard,or,或
product_margin,field,"product.product,purchase_num_invoiced",0,# Invoiced in Purchase,# 采购开票
product_margin,field,"product.product,sale_num_invoiced",0,# Invoiced in Sale,# 销售开票
product_margin,view,product.product,product_margin.view_product_margin_tree,#Purchased,# 采购
product_margin,view,product.product,product_margin.view_product_margin_form,Analysis Criteria,分析准则
product_margin,help,"product.product,sale_avg_price",0,Avg. Price in Customer Invoices.,客户发票中的平均价格
product_margin,help,"product.product,purchase_avg_price",0,Avg. Price in Supplier Invoices ,供应商发票中的平均价格
product_margin,field,"product.product,purchase_avg_price",0,Avg. Unit Price,平均单价
product_margin,field,"product.product,sale_avg_price",0,Avg. Unit Price,平均单价
product_margin,view,product.margin,product_margin.product_margin_form_view,Cancel,取消
product_margin,view,product.product,product_margin.view_product_margin_form,Catalog Price,目录价格
product_margin,field,"product.margin,create_uid",0,Created by,创建者
product_margin,field,"product.margin,create_date",0,Created on,创建于
product_margin,selection,"product.margin,invoice_state",0,"Draft, Open and Paid",草稿、开启和已付
product_margin,selection,"product.product,invoice_state",0,"Draft, Open and Paid",草稿、开启和已付
product_margin,field,"product.product,expected_margin",0,Expected Margin,预计利润
product_margin,field,"product.product,expected_margin_rate",0,Expected Margin (%),预计利润(%)
product_margin,field,"product.product,sale_expected",0,Expected Sale,预计销售
product_margin,help,"product.product,expected_margin",0,Expected Sale - Normal Cost,预计销售 - 标准成本
product_margin,help,"product.product,sales_gap",0,Expected Sale - Turn Over,预计售价 - 订单价格
product_margin,help,"product.product,expected_margin_rate",0,Expected margin * 100 / Expected Sale,预计利润 / 预计销售 * 100
product_margin,field,"product.margin,from_date",0,From,从
product_margin,view,product.margin,product_margin.product_margin_form_view,General Information,一般信息
product_margin,field,"product.margin,id",0,ID,ID
product_margin,field,"product.margin,invoice_state",0,Invoice State,发票状态
product_margin,field,"product.product,invoice_state",0,Invoice State,发票状态
product_margin,field,"product.margin,write_uid",0,Last Updated by,最后更新
product_margin,field,"product.margin,write_date",0,Last Updated on,最后更新
product_margin,field,"product.product,date_from",0,Margin Date From,毛利开始日
product_margin,field,"product.product,date_to",0,Margin Date To,毛利结束日
product_margin,view,product.product,product_margin.view_product_margin_form,Margins,毛利
product_margin,field,"product.product,normal_cost",0,Normal Cost,正常成本
product_margin,help,"product.product,purchase_gap",0,Normal Cost - Total Cost,正常成本 - 总成本
product_margin,view,product.margin,product_margin.product_margin_form_view,Open Margins,待处理利润
product_margin,selection,"product.margin,invoice_state",0,Open and Paid,待处理和支付
product_margin,selection,"product.product,invoice_state",0,Open and Paid,待处理和支付
product_margin,selection,"product.margin,invoice_state",0,Paid,已付
product_margin,selection,"product.product,invoice_state",0,Paid,已付
product_margin,model,"ir.model,name",product_margin.model_product_product,Product,产品
product_margin,model,"ir.model,name",product_margin.model_product_margin,Product Margin,产品利润
product_margin,code,addons/product_margin/wizard/product_margin.py,84,Product Margins,产品利润
product_margin,model,"ir.actions.act_window,name",product_margin.product_margin_act_window,Product Margins,产品利润
product_margin,model,"ir.ui.menu,name",product_margin.menu_action_product_margin,Product Margins,产品利润
product_margin,view,product.product,product_margin.view_product_margin_form,Product Margins,产品利润
product_margin,view,product.product,product_margin.view_product_margin_graph,Product Margins,产品利润
product_margin,view,product.product,product_margin.view_product_margin_tree,Product Margins,产品利润
product_margin,view,product.margin,product_margin.product_margin_form_view,Properties categories,属性分类
product_margin,field,"product.product,purchase_gap",0,Purchase Gap,采购差额
product_margin,view,product.product,product_margin.view_product_margin_form,Purchases,采购
product_margin,view,product.product,product_margin.view_product_margin_form,Sales,销售
product_margin,view,product.product,product_margin.view_product_margin_tree,Sales Gap,销售差额
product_margin,field,"product.product,sales_gap",0,Sales Gap,销售差额
product_margin,view,product.product,product_margin.view_product_margin_form,Standard Price,成本价格
product_margin,help,"product.product,normal_cost",0,Sum of Multiplication of Cost price and quantity of Supplier Invoices,供应商发票的成本价格和数量相乘的合计
product_margin,help,"product.product,turnover",0,Sum of Multiplication of Invoice price and quantity of Customer Invoices,客户发票的开票价格和数量相乘的汇总
product_margin,help,"product.product,total_cost",0,Sum of Multiplication of Invoice price and quantity of Supplier Invoices ,供应商发票的开票价格和数量相乘的合计 
product_margin,help,"product.product,sale_expected",0,Sum of Multiplication of Sale Catalog price and quantity of Customer Invoices,客户发票的销售分类价格和数量相乘的汇总
product_margin,help,"product.product,sale_num_invoiced",0,Sum of Quantity in Customer Invoices,客户发票数量合计
product_margin,help,"product.product,purchase_num_invoiced",0,Sum of Quantity in Supplier Invoices,供应商发票数量合计
product_margin,field,"product.margin,to_date",0,To,到
product_margin,view,product.product,product_margin.view_product_margin_tree,Total Cost,总成本
product_margin,field,"product.product,total_cost",0,Total Cost,总成本
product_margin,field,"product.product,total_margin",0,Total Margin,总毛利
product_margin,field,"product.product,total_margin_rate",0,Total Margin Rate(%),总毛利率(%)
product_margin,help,"product.product,total_margin_rate",0,Total margin * 100 / Turnover,总毛利 / 营业额 * 100
product_margin,view,product.product,product_margin.view_product_margin_tree,Turnover,营业额
product_margin,field,"product.product,turnover",0,Turnover,营业额
product_margin,help,"product.product,total_margin",0,Turnover - Standard price,营业额-标准价格
product_margin,view,product.margin,product_margin.product_margin_form_view,or,或
product_visible_discount,model,"ir.model,name",product_visible_discount.model_product_pricelist,Pricelist,价格表
product_visible_discount,model,"ir.model,name",product_visible_discount.model_sale_order_line,Sales Order Line,销售订单明细
product_visible_discount,field,"product.pricelist,visible_discount",0,Visible Discount,可见的折扣
